music_id,title,performer,release_date,album_type,medium,genre,rating,rating_count,cover_link
2995812,We Sing. We Dance. We Steal Things.,Jason Mraz,2008-05-13,Import,Audio CD,民谣,9.1,116144,https://img2.doubanio.com/view/subject/s/public/s2967252.jpg
3040149,Viva La Vida Death And All His Friends,Coldplay,2008-06-17,专辑,CD,摇滚,9.0,118318,https://img9.doubanio.com/view/subject/s/public/s3054604.jpg
1427374,华丽的冒险 華麗的冒險,陈绮贞,2005-09-23,专辑,CD,流行,9.0,89806,https://img9.doubanio.com/view/subject/s/public/s1441645.jpg
1403307,范特西 Fantasy,周杰伦,2001-09-14,专辑,CD,流行,9.5,177338,https://img2.doubanio.com/view/subject/s/public/s3750422.jpg
3259411,後。青春期的詩 后青春期的诗,五月天,2008-10-23,专辑,CD,摇滚,9.0,95471,https://img1.doubanio.com/view/subject/s/public/s3316597.jpg
5958397,是时候 It's Time,孙燕姿,2011-03-08,专辑,CD,流行,8.7,81947,https://img1.doubanio.com/view/subject/s/public/s4653287.jpg
3184419,Lenka,Lenka,2008-09-23,专辑,Audio CD,流行,8.6,83393,https://img9.doubanio.com/view/subject/s/public/s3259484.jpg
3041487,Start from Here 从这里开始,王若琳,2008-01-11,专辑,CD,爵士,8.8,75796,https://img1.doubanio.com/view/subject/s/public/s2874587.jpg
1395089,旅行的意义,陈绮贞,2004-02-02,单曲,CD,流行,9.1,99300,https://img2.doubanio.com/view/subject/s/public/s2617173.jpg
3390002,太阳 Immortal,陈绮贞,2009-01-22,专辑,CD,流行,8.7,76147,https://img1.doubanio.com/view/subject/s/public/s3570839.jpg
2131368,Once (Soundtrack) Once / 电影《曾经》原声大碟,"Glen Hansard,Marketa Irglova",2007-05-22,Soundtrack,CD,原声,9.2,72960,https://img1.doubanio.com/view/subject/s/public/s2821080.jpg
1394765,Not Going Anywhere 守候,Keren Ann,2004-08-24,Import,Audio CD,民谣,8.9,62444,https://img1.doubanio.com/view/subject/s/public/s1431228.jpg
1396380,American Idiot,Green Day,2004-09-21,Explicit Lyrics,Audio CD,摇滚,9.0,72901,https://img2.doubanio.com/view/subject/s/public/s1485602.jpg
2134548,思念是一种病 OK,张震岳 Csun Yuk,2007-07-06,专辑,CD,流行,8.8,82485,https://img1.doubanio.com/view/subject/s/public/s2591057.jpg
3717116,無與倫比的美麗 无与伦比的美丽,苏打绿,2007-11-02,专辑,CD,流行,8.8,89921,https://img2.doubanio.com/view/subject/s/public/s2757483.jpg
2131595,亲爱的...我还不知道 親愛的…我還不知道,张悬,2007-07-20,专辑,CD,流行,8.8,65511,https://img2.doubanio.com/view/subject/s/public/s2604331.jpg
3801228,城市 The City,张悬,2009-05-22,专辑,CD,流行,8.7,64101,https://img1.doubanio.com/view/subject/s/public/s3786340.jpg
1394590,O,Damien Rice,2003,专辑,CD,流行,9.1,52839,https://img1.doubanio.com/view/subject/s/public/s2838077.jpg
1431596,Wake Me Up When September Ends 九月结束的时候叫醒我,Green Day,2005-06-13,单曲,CD,摇滚,9.4,54474,https://img1.doubanio.com/view/subject/s/public/s3572868.jpg
1406522,叶惠美 葉惠美 / Yeh Hui-Mei,周杰伦,2003-07-31,专辑,CD,流行,9.3,107373,https://img2.doubanio.com/view/subject/s/public/s29265961.jpg
1401853,七里香 Common Jasmin Orange,周杰伦,2004,专辑,CD,流行,9.1,164717,https://img9.doubanio.com/view/subject/s/public/s3737076.jpg
5351500,21,Adele,2011-01-24,专辑,CD,流行,9.3,73855,https://img9.doubanio.com/view/subject/s/public/s4527315.jpg
1788174,My Life Will...,张悬,2006-06-09,专辑,CD,流行,8.8,57672,https://img1.doubanio.com/view/subject/s/public/s1884457.jpg
1402531,寓言,王菲,2000,专辑,CD,流行,9.4,68634,https://img1.doubanio.com/view/subject/s/public/s3336480.jpg
6816154,你在煩惱什麼 你在烦恼什么,苏打绿,2011-11-11,专辑,CD,流行,9.0,58171,https://img9.doubanio.com/view/subject/s/public/s6987806.jpg
4738592,感官/世界 Senses Around,林宥嘉,2009-10-30,专辑,CD,流行,8.6,59472,https://img2.doubanio.com/view/subject/s/public/s4039591.jpg
1394568,Nevermind 别介意,Nirvana,1991,专辑,CD,摇滚,9.3,64761,https://img1.doubanio.com/view/subject/s/public/s1632580.jpg
1403832,八度空间 The Eight Dimensions,周杰伦,2002-07-19,专辑,CD,流行,9.2,90028,https://img9.doubanio.com/view/subject/s/public/s4598636.jpg
1422300,Jay,周杰伦,2000-11-13,专辑,Audio CD,流行,9.4,94434,https://img9.doubanio.com/view/subject/s/public/s8932514.jpg
1463061,Parachutes 降落伞,Coldplay,2000-07-10,专辑,CD,摇滚,9.2,54875,https://img2.doubanio.com/view/subject/s/public/s1400723.jpg
1405028,我要的幸福 My Desired Happiness,孙燕姿,2000-12-7,专辑,CD,流行,9.0,62251,https://img2.doubanio.com/view/subject/s/public/s3524071.jpg
1394547,还是会寂寞 Lonely Without You,陈绮贞,2000,专辑,CD,流行,9.1,53041,https://img1.doubanio.com/view/subject/s/public/s27076587.jpg
1394992,Let Go 展翅高飞,Avril Lavigne,2002,Enhanced,Audio CD,摇滚,8.9,56012,https://img2.doubanio.com/view/subject/s/public/s2652911.jpg
1436975,十一月的萧邦 November's Chopin,周杰伦,2005-11-01,专辑,CD,流行,8.9,97870,https://img9.doubanio.com/view/subject/s/public/s1456874.jpg
3313612,橙月 Orange Moon,方大同,2008-12-19,专辑,CD,放克/灵歌/R&B,8.6,50622,https://img1.doubanio.com/view/subject/s/public/s3405037.jpg
1900796,小宇宙 Little Universe,苏打绿,2006-10-20,专辑,CD,流行,8.9,52243,https://img9.doubanio.com/view/subject/s/public/s1883654.jpg
4323489,若你碰到他 若你碰到他,蔡健雅,2009-08-19,专辑,CD,流行,8.1,51575,https://img9.doubanio.com/view/subject/s/public/s3942165.jpg
1394763,Lady & Bird,Lady & Bird,2003,Import,Audio CD,民谣,8.8,43641,https://img1.doubanio.com/view/subject/s/public/s2376100.jpg
5344708,万能青年旅店,万能青年旅店,2010-11-12,专辑,CD,摇滚,9.5,88616,https://img1.doubanio.com/view/subject/s/public/s4614409.jpg
1395785,Meteora 流星圣殿,Linkin Park,2003-03-25,Enhanced,Audio CD,摇滚,9.1,45521,https://img1.doubanio.com/view/subject/s/public/s1401378.jpg
1401550,Back To Bedlam 不安於室,James Blunt,2004,Explicit Lyrics,Audio CD,流行,9.0,43370,https://img2.doubanio.com/view/subject/s/public/s1461123.jpg
1421488,苏打绿同名专辑,"苏打绿,蘇打綠",2005年9月,国语,CD,流行,8.9,54480,https://img1.doubanio.com/view/subject/s/public/s2360790.jpg
3427630,静茹&情歌 别再为他流泪 别再为他流泪,梁静茹,2009-01-16,专辑,Audio CD,流行,8.5,47210,https://img9.doubanio.com/view/subject/s/public/s3551584.jpg
6113840,美妙生活 Perfect Life,林宥嘉,2011-05-06,专辑,CD,流行,8.7,48882,https://img2.doubanio.com/view/subject/s/public/s6201192.jpg
1394798,Le Fabuleux destin d'Amélie Poulain 天使爱美丽,Yann Tiersen,2001-04-23,Soundtrack,Audio CD,原声,9.4,44720,https://img1.doubanio.com/view/subject/s/public/s2881998.jpg
3335374,Joanna & 王若琳,王若琳,2009-01-16,专辑,CD,爵士,8.3,43186,https://img2.doubanio.com/view/subject/s/public/s3550503.jpg
1776145,A Plea En Vendredi,Tamas Wells,2006,Import,Audio CD,民谣,9.0,39422,https://img2.doubanio.com/view/subject/s/public/s2783063.jpg
4935955,To Hebe 給 自己,田馥甄 Hebe,2010-09-03,专辑,CD,流行,8.2,45300,https://img9.doubanio.com/view/subject/s/public/s4466905.jpg
2009904,逆光 Against the Light,孙燕姿,2007-03-22,Import,CD,流行,8.6,72013,https://img9.doubanio.com/view/subject/s/public/s2333326.jpg
3590980,只爱陌生人,王菲,1999-09-10,Import,CD,流行,9.4,58378,https://img1.doubanio.com/view/subject/s/public/s3390958.jpg
1960229,Music For Tourists,Chris Garneau,2007-01-23,引进版,Audio CD,民谣,8.8,39098,https://img9.doubanio.com/view/subject/s/public/s1989094.jpg
1402385,The Moment 关键时刻,孙燕姿,2003-08-22,专辑,CD,流行,9.1,43426,https://img1.doubanio.com/view/subject/s/public/s2794840.jpg
1406094,七,陈奕迅,2003-11-20,选集,CD,流行,9.4,43115,https://img9.doubanio.com/view/subject/s/public/s3169796.jpg
3671026,春·日光 日光,苏打绿,2009-05-08,专辑,CD,民谣,8.3,45862,https://img1.doubanio.com/view/subject/s/public/s3763169.jpg
3039969,100种生活,盧廣仲,2008-5-27,专辑,CD,民谣,8.4,42560,https://img1.doubanio.com/view/subject/s/public/s3128207.jpg
2282388,崇拜 J'adore,梁静茹,2007-11-09,专辑,CD,流行,8.6,49806,https://img1.doubanio.com/view/subject/s/public/s2758489.jpg
1408468,陈绮贞精选 Cheer 精选,陈绮贞,2005,选集,CD,民谣,9.2,36958,https://img9.doubanio.com/view/subject/s/public/s3232974.jpg
1419282,菊次郎の夏 Kikujiro (1999 Film),Joe Hisaishi,1999-05-19,专辑,CD,原声,9.5,50188,https://img2.doubanio.com/view/subject/s/public/s3272681.jpg
3220185,Fearless 无畏,Taylor Swift,2008-11-11,Enhanced,Audio CD,流行,8.7,54177,https://img2.doubanio.com/view/subject/s/public/s3315133.jpg
1968390,Life In Cartoon Motion,Mika,2007-02-05,专辑,CD,流行,8.8,37128,https://img2.doubanio.com/view/subject/s/public/s2657592.jpg
3603814,H³M H3M,陈奕迅,2009-03-23,专辑,CD,流行,8.7,45096,https://img9.doubanio.com/view/subject/s/public/s3666735.jpg
3076388,神秘嘉宾 神秘嘉宾,林宥嘉,2008-06-03,专辑,CD,流行,8.5,46216,https://img9.doubanio.com/view/subject/s/public/s3113075.jpg
1394803,Les Choristes 放牛班的春天,Bruno Coulais,2004-05-03,Soundtrack,Audio CD,原声,9.5,38042,https://img9.doubanio.com/view/subject/s/public/s1400055.jpg
3871896,赤子 Innocent,范晓萱&100%,2009-08-10,专辑,CD,摇滚,8.2,39724,https://img2.doubanio.com/view/subject/s/public/s3902012.jpg
1889074,9,Damien Rice,2006-11-06,专辑,Audio CD,民谣,9.0,36976,https://img2.doubanio.com/view/subject/s/public/s1831581.jpg
1401392,将爱,王菲,2003,专辑,CD,流行,8.9,47829,https://img2.doubanio.com/view/subject/s/public/s2726841.jpg
1449452,遇见我,曹方,2005年12月,专辑,CD,流行,8.4,39650,https://img1.doubanio.com/view/subject/s/public/s1462740.jpg
1958731,梵高先生 B&BⅡ,李志,2007-01-11,CD,CD,民谣,9.1,52429,https://img1.doubanio.com/view/subject/s/public/s3743777.jpg
3821598,Timeless 可啦思刻 方大同 2009全新大碟 自選輯 / 可啦思刻,方大同,2009-08-11,自选集,CD,放克/灵歌/R&B,8.4,38318,https://img2.doubanio.com/view/subject/s/public/s27078161.jpg
2210561,依然范特西 Still Fantasy,周杰伦,2006-09-05,专辑,CD,流行,8.6,73076,https://img9.doubanio.com/view/subject/s/public/s1943885.jpg
1407437,风筝 Kite,孙燕姿,2001-07-09,专辑,CD,流行,8.9,45130,https://img9.doubanio.com/view/subject/s/public/s6569456.jpg
4725615,完美的一天 A Perfect Day,孙燕姿,2005-10-07,专辑,CD,流行,8.3,46086,https://img2.doubanio.com/view/subject/s/public/s1646682.jpg
1547155,Say I Am You,The Weepies,2006,Import,Audio CD,民谣,8.6,39921,https://img1.doubanio.com/view/subject/s/public/s4043738.jpg
1395092,黑色柳丁 Black Tangerine,陶喆,2002-08-09,专辑,CD,流行,9.1,56008,https://img2.doubanio.com/view/subject/s/public/s4597133.jpg
1394994,Under My Skin,Avril Lavigne,2004-05-12,Import,Audio CD,摇滚,8.6,40318,https://img1.doubanio.com/view/subject/s/public/s4716897.jpg
1406256,Stefanie,孙燕姿,2004-10-1,专辑,CD,流行,8.7,39380,https://img1.doubanio.com/view/subject/s/public/s1418840.jpg
3179585,The Fame,Lady Gaga,2008-08-19,Import,Audio CD,流行,8.5,42820,https://img1.doubanio.com/view/subject/s/public/s3224590.jpg
1823439,Mr. A-Z 英语老师,Jason Mraz,2005-07-04,Import,Audio CD,流行,9.0,34609,https://img2.doubanio.com/view/subject/s/public/s2761461.jpg
1948359,为爱而生 為愛而生 / BORN TO LOVE,五月天,2006-12-28,引进版,CD,流行,8.6,40895,https://img2.doubanio.com/view/subject/s/public/s1959251.jpg
1421922,Daniel Powter dp,Daniel Powter,2006,专辑,Audio CD,流行,8.7,35416,https://img1.doubanio.com/view/subject/s/public/s1661548.jpg
3097879,I'm Yours,Jason Mraz,2008-12-16,Single,Audio CD,民谣,9.4,39327,https://img2.doubanio.com/view/subject/s/public/s9074663.jpg
1408378,时光·漫步,许巍 Wei Xu,2002-12-01,专辑,CD,民谣,9.0,38920,https://img2.doubanio.com/view/subject/s/public/s3839391.jpg
1407656,生如夏花 Life Like Summer Flowers,朴树,2003-11-28,专辑,CD,流行,9.0,61013,https://img1.doubanio.com/view/subject/s/public/s1966937.jpg
1846771,我很忙 JAY CHOU ON THE RUN,周杰伦,2007-11-01,专辑,CD,流行,8.3,71975,https://img2.doubanio.com/view/subject/s/public/s2753832.jpg
3838018,夏 / 狂热 Fever,苏打绿,2009-09-11,专辑,CD,摇滚,8.7,42051,https://img2.doubanio.com/view/subject/s/public/s3967123.jpg
1424317,绝世名伶,范晓萱,2001-08-25,专辑,CD,爵士,8.8,35952,https://img2.doubanio.com/view/subject/s/public/s11363103.jpg
4116446,哼一首歌 等日落,曹方,2009-11-11,专辑,CD,流行,8.2,33540,https://img2.doubanio.com/view/subject/s/public/s4052811.jpg
1408461,未完成 To Be Continued......,孙燕姿,2003-01-10,专辑,CD,流行,8.7,37851,https://img2.doubanio.com/view/subject/s/public/s3524013.jpg
1394653,OK Computer,Radiohead,1997,专辑,Audio CD,摇滚,9.4,45045,https://img1.doubanio.com/view/subject/s/public/s2789048.jpg
10448971,Born to Die 向死而生（大陆） / 生死相守 （台）,Lana Del Rey,2012-01-31,专辑,Audio CD,流行,8.8,50452,https://img1.doubanio.com/view/subject/s/public/s7047247.jpg
1394664,The Wall 迷墙,Pink Floyd,1979,专辑,Audio CD,摇滚,9.4,46539,https://img9.doubanio.com/view/subject/s/public/s2413665.jpg
3236064,不要停止我的音乐 The Music Won't Be Stopped,痛仰,2008-10,专辑,CD,摇滚,8.6,47035,https://img9.doubanio.com/view/subject/s/public/s3523286.jpg
1394771,Hybrid Theory 混合理论,Linkin Park,2000,专辑,CD,摇滚,9.0,33582,https://img9.doubanio.com/view/subject/s/public/s2838195.jpg
1394566,MTV Unplugged in New York,Nirvana,1994-11-01,Live,Audio CD,摇滚,9.6,34900,https://img1.doubanio.com/view/subject/s/public/s3158430.jpg
1400651,After 17,陈绮贞,2004年12月,EP,CD,流行,9.2,31918,https://img2.doubanio.com/view/subject/s/public/s4711982.jpg
1395432,In Between Dreams,Jack Johnson,2005-03-22,专辑,Audio CD,民谣,9.1,29864,https://img1.doubanio.com/view/subject/s/public/s4346679.jpg
3526294,神的孩子都在跳舞,五月天 Mayday,2004-11-05,专辑,CD+VCD,流行,9.0,35815,https://img2.doubanio.com/view/subject/s/public/s3586961.jpg
2150115,离开地球表面Jump!,五月天,2007-07-20,专辑,CD+DVD,流行,8.8,41570,https://img9.doubanio.com/view/subject/s/public/s27078194.jpg
3088329,不想放手 Don't Want to Let Go,陈奕迅,2008-06-30,专辑,CD,流行,8.4,36851,https://img9.doubanio.com/view/subject/s/public/s3146476.jpg
5395505,我的歌声里,曲婉婷,2010-02-24,单曲,数字(Digital),流行,8.7,47558,https://img2.doubanio.com/view/subject/s/public/s9127241.jpg
1415369,The Legend of 1900 海上钢琴师,Ennio Morricone,1999-10-12,Soundtrack,Audio CD,原声,9.5,36140,https://img2.doubanio.com/view/subject/s/public/s1426141.jpg
1407472,孤独的人是可耻的 Shameful being left alone,张楚,1994,专辑,CD,摇滚,9.2,40753,https://img2.doubanio.com/view/subject/s/public/s3266121.jpg
3746394,徐佳瑩La La首张创作专辑 La La首張創作專輯,徐佳莹,2009-05-29,专辑,CD,流行,8.5,38287,https://img1.doubanio.com/view/subject/s/public/s3819180.jpg
2044199,The Best Damn Thing 美丽坏东西,Avril Lavigne,2007-04-17,Import,Audio CD,摇滚,7.9,37138,https://img2.doubanio.com/view/subject/s/public/s2362973.jpg
1422072,知足 just my pride 最真杰作选,五月天,2005-11-18,专辑,CD,摇滚,9.3,33448,https://img9.doubanio.com/view/subject/s/public/s1443616.jpg
1394818,1 The Beatles 1 / No.1,The Beatles,2000,选集,CD,摇滚,9.5,31367,https://img1.doubanio.com/view/subject/s/public/s3509238.jpg
3222423,魔杰座 Capricorn,周杰伦,2008-10-09,专辑,CD,放克/灵歌/R&B,7.9,61384,https://img2.doubanio.com/view/subject/s/public/s3292023.jpg
1394600,X&Y 染色体,Coldplay,2005-06-07,专辑,CD,摇滚,8.6,35112,https://img1.doubanio.com/view/subject/s/public/s1400630.jpg
2347182,19,Adele,2008-01-28,Import,Audio CD,放克/灵歌/R&B,8.6,35894,https://img2.doubanio.com/view/subject/s/public/s2841982.jpg
1408748,时光机 mayday's time machine,五月天,2003-11-11,专辑,CD,摇滚,9.1,34042,https://img9.doubanio.com/view/subject/s/public/s4718016.jpg
1405022,Yan Zi 孙燕姿同名专辑,孙燕姿,2000-06-08,专辑,CD,流行,9.1,35687,https://img2.doubanio.com/view/subject/s/public/s4067651.jpg
4706451,Time Flies 时日如飞,陈奕迅,2010-03-12,EP,CD+DVD,流行,8.9,33129,https://img2.doubanio.com/view/subject/s/public/s4217513.jpg
3143363,失败者的飞翔,陈绮贞,2008-07-13,单曲,CD,流行,8.6,29533,https://img1.doubanio.com/view/subject/s/public/s3164468.jpg
6722110,My Love,田馥甄,2011-09-02,专辑,CD,流行,8.4,35924,https://img9.doubanio.com/view/subject/s/public/s6893784.jpg
1891318,亲亲 親親,梁静茹,2006-10-06,专辑,CD,流行,8.2,34804,https://img1.doubanio.com/view/subject/s/public/s1876827.jpg
1769327,你王菲所以我王菲,王菲,2002,选集,CD,流行,9.5,35838,https://img1.doubanio.com/view/subject/s/public/s2951748.jpg
6082657,Stranger Under My Skin,陈奕迅,2011-02-22,EP,CD,流行,8.8,32129,https://img1.doubanio.com/view/subject/s/public/s4644120.jpg
1394747,Come Away with Me 远走高飞,Norah Jones,2002,专辑,CD,爵士,8.9,30868,https://img9.doubanio.com/view/subject/s/public/s3845165.jpg
25927970,平凡之路 电影《后会无期》宣传曲,朴树,2014-07-16,单曲,数字(Digital),原声,9.1,80817,https://img1.doubanio.com/view/subject/s/public/s27326029.jpg
2052256,认了吧 Admit it,陈奕迅,2007-04-24,专辑,CD,流行,8.9,38699,https://img1.doubanio.com/view/subject/s/public/s3947069.jpg
3533452,21st Century Breakdown,Green Day,2009-05-15,专辑,CD,摇滚,8.7,30888,https://img9.doubanio.com/view/subject/s/public/s3727625.jpg
11027027,神的游戏 Games We Play / 神的遊戲,張懸,2012-08-10,专辑,CD,流行,9.1,41430,https://img1.doubanio.com/view/subject/s/public/s11174008.jpg
1394808,唱游,王菲,1998,专辑,CD,流行,9.4,40687,https://img9.doubanio.com/view/subject/s/public/s2749634.jpg
2078050,花的姿态：演唱会经典实录 花的姿態經典實錄精裝版2CD+DVD,陈绮贞,2007-05-18,演唱会/Live,CD DVD,民谣,9.3,26671,https://img1.doubanio.com/view/subject/s/public/s2377978.jpg
1405324,我去2000年,朴树,1999-1,专辑,CD,流行,9.4,45273,https://img1.doubanio.com/view/subject/s/public/s27208919.jpg
1758337,Young For You,GALA,2004,专辑,CD,摇滚,8.8,30510,https://img1.doubanio.com/view/subject/s/public/s1629838.jpg
1405050,自选集 Start Yan-zi,孙燕姿,2002年1月,专辑,CD,流行,9.0,29574,https://img1.doubanio.com/view/subject/s/public/s3151869.jpg
2266925,理性与感性 作品音乐会 Sense and Sensibility,李宗盛 Jonathan,2007-09-28,专辑,CD,流行,9.6,28501,https://img2.doubanio.com/view/subject/s/public/s2891182.jpg
2350942,比天空还远,曹方,2007-11-20,EP,CD,流行,8.5,27689,https://img9.doubanio.com/view/subject/s/public/s2755385.jpg
2299845,黑梦 黑夢,窦唯,1994-10,专辑,CD,摇滚,9.4,43651,https://img2.doubanio.com/view/subject/s/public/s3081692.jpg
2164654,不能说的秘密 不能說的秘密,"周杰倫,Terdsak Janpan,詹宇豪,陳承麒,黃婉琦,姚蘇蓉,黃俊郎,江語晨,長榮交響樂團",2007-08-13,Soundtrack,CD,原声,9.1,45941,https://img1.doubanio.com/view/subject/s/public/s2652097.jpg
1427941,丝路 通往爱的路途,梁静茹 Fish,2005-9-16,专辑,CD,流行,8.3,32475,https://img2.doubanio.com/view/subject/s/public/s1966952.jpg
2153935,All The Lost Souls,James Blunt,2007-09-18,Import,Audio CD,流行,8.6,26532,https://img2.doubanio.com/view/subject/s/public/s2609413.jpg
1408794,F.I.R.,飞儿乐团 F.I.R.,2004-04-29,专辑,CD,摇滚,8.9,42086,https://img1.doubanio.com/view/subject/s/public/s4124010.jpg
4009831,上五楼的快活,陈奕迅,2009-09-23,专辑,CD,流行,7.8,29715,https://img2.doubanio.com/view/subject/s/public/s3969572.jpg
2042799,Minutes to Midnight,Linkin Park,2007-05-15,专辑,CD,摇滚,8.4,27655,https://img2.doubanio.com/view/subject/s/public/s2665031.jpg
2264207,GOODBYE & HELLO,"蔡健雅,Tanya",2007-10-19,专辑,CD,流行,8.7,28667,https://img1.doubanio.com/view/subject/s/public/s27067658.jpg
6064884,Someone Like You,Adele,2011-01-24,单曲,数字(Digital),放克/灵歌/R&B,9.5,41291,https://img9.doubanio.com/view/subject/s/public/s4689205.jpg
1875211,迟到千年,苏打绿,2006-09-18,EP,CD,流行,9.0,27297,https://img9.doubanio.com/view/subject/s/public/s4567536.jpg
1395685,The Dark Side of the Moon,Pink Floyd,1973,专辑,黑胶,摇滚,9.5,48562,https://img9.doubanio.com/view/subject/s/public/s4415985.jpg
3837067,王菲 Faye Wong 2001,王菲,2001,专辑,CD,流行,9.2,32886,https://img2.doubanio.com/view/subject/s/public/s27066361.jpg
6974122,夜空中最亮的星,逃跑计划,2011-04-12,单曲,数字(Digital),摇滚,9.2,61596,https://img9.doubanio.com/view/subject/s/public/s7050455.jpg
6047523,追梦痴子心,GALA,2011-03-24,专辑,CD,摇滚,8.9,37304,https://img1.doubanio.com/view/subject/s/public/s26743139.jpg
4884299,宝贝,莫文蔚,2010-07-26,专辑,CD,流行,8.0,27366,https://img2.doubanio.com/view/subject/s/public/s4425103.jpg
1401759,"黑白灰 Black, White & Grey / 黑·白·灰",陈奕迅,2003,专辑,CD,流行,9.1,28072,https://img9.doubanio.com/view/subject/s/public/s4088274.jpg
25709562,安和桥北 献给张先诺先生,宋冬野,2013-08-26,专辑,CD,民谣,8.9,47112,https://img1.doubanio.com/view/subject/s/public/s27029428.jpg
3035043,Prisoner of Love 爱情的俘虏,宇多田ヒカル,2008-05-21,CD IMPORT,Audio CD,流行,9.3,26868,https://img9.doubanio.com/view/subject/s/public/s3104656.jpg
1394549,Groupies 吉他手 Groupies,陈绮贞,2002-08-02,专辑,CD,流行,9.3,33772,https://img9.doubanio.com/view/subject/s/public/s3268875.jpg
1404703,Now The Day Is Over 美好的一天,The Innocence Mission,2004,专辑,CD,民谣,8.5,24731,https://img9.doubanio.com/view/subject/s/public/s1506405.jpg
2285727,Apologize 抱歉,"Timbaland,OneRepublic",2007-11-06,Single,Audio CD,放克/灵歌/R&B,9.2,33329,https://img2.doubanio.com/view/subject/s/public/s6780751.jpg
3815932,阿菲正传 阿菲正傳,王菲,2009-06-25,选集,CD,流行,9.4,26417,https://img2.doubanio.com/view/subject/s/public/s3850703.jpg
4820650,跨时代,周杰伦,2010-05-14,专辑,CD,流行,7.8,43103,https://img1.doubanio.com/view/subject/s/public/s4364499.jpg
1949354,Leave 離開,孙燕姿,2002-5-21,专辑,CD,流行,8.8,27485,https://img9.doubanio.com/view/subject/s/public/s2693584.jpg
1933017,被禁忌的游戏,李志,2004-12,专辑,CD,民谣,9.0,30286,https://img1.doubanio.com/view/subject/s/public/s2650727.jpg
1920622,What's Going On....?,陈奕迅,2006,专辑,CD,流行,9.3,29906,https://img2.doubanio.com/view/subject/s/public/s1933423.jpg
7065468,第二人生 末日版 SECOND ROUND - NO WHERE,五月天,2011-12-20,专辑,CD,流行,9.2,27192,https://img9.doubanio.com/view/subject/s/public/s7021494.jpg
1407536,樂之路 Ultrasound 1997-2003 / 乐之路,陶喆,2003-08-08,选集,CD,流行,9.2,27035,https://img9.doubanio.com/view/subject/s/public/s3522345.jpg
2032823,It Won't Be Soon Before Long It Won't Be Soon Before Long,Maroon 5,2007-05-22,专辑,CD,流行,8.4,25568,https://img9.doubanio.com/view/subject/s/public/s2374986.jpg
3264192,如果你冷 如果你冷,张悬,2008-10-20,Bootleg,数字,民谣,8.6,26682,https://img1.doubanio.com/view/subject/s/public/s3321977.jpg
1408650,陌生人,蔡健雅 Tanya Chua,2003-06-00,专辑,CD,流行,8.7,26516,https://img1.doubanio.com/view/subject/s/public/s1647637.jpg
1395176,浮躁,王菲,1996,Audio CD,流行,,9.4,38854,https://img2.doubanio.com/view/subject/s/public/s3631071.jpg
1442576,C'est La Vie 这就是生活,自然卷,2004,专辑,CD,民谣,8.3,25024,https://img1.doubanio.com/view/subject/s/public/s1446010.jpg
5355197,在一起 Together,刘若英,2010-04-16,专辑,CD,流行,7.9,24813,https://img9.doubanio.com/view/subject/s/public/s4305186.jpg
1999781,These Friends Of Mine,Rosie Thomas,2007-03-13,专辑,Audio CD,民谣,8.8,23282,https://img1.doubanio.com/view/subject/s/public/s2674348.jpg
3226297,陪我歌唱 苏打绿台北小巨蛋演唱会Live Cd:陪我歌唱,苏打绿,2008,引进版,CD,民谣,9.2,24153,https://img2.doubanio.com/view/subject/s/public/s3076261.jpg
3770091,It＇s Not Me It＇s You 非我即你,Lily Allen,2009-02-09,专辑,Audio CD,流行,8.2,24229,https://img9.doubanio.com/view/subject/s/public/s4716636.jpg
2977909,The Rose~I Love Cinemas~,手嶌葵,2008-03-05,Import,CD,流行,9.3,24295,https://img1.doubanio.com/view/subject/s/public/s2969728.jpg
4060882,我爱南京,李志,2009-10-16,专辑,CD,民谣,9.0,33370,https://img9.doubanio.com/view/subject/s/public/s4008894.jpg
2144752,消失的光年 消失的光年,大乔小乔,2007-07-12,平装版,CD,民谣,8.3,23631,https://img1.doubanio.com/view/subject/s/public/s2616588.jpg
1439133,还有别的办法吗,范晓萱,2004,专辑,CD,流行,8.7,23065,https://img9.doubanio.com/view/subject/s/public/s1399764.jpg
2058669,日光倾城,卡奇社,2007-04-20,专辑,CD,流行,8.2,24608,https://img2.doubanio.com/view/subject/s/public/s2378153.jpg
3566603,A Little Love 一点爱,冯曦妤,2008-11-20,专辑,CD,流行,8.5,23520,https://img9.doubanio.com/view/subject/s/public/s3350764.jpg
1458367,Yellow 黄色,Coldplay,2000-07-03,EP,Audio CD,摇滚,9.5,37796,https://img9.doubanio.com/view/subject/s/public/s4087364.jpg
1395452,Hopes And Fears,Keane,2004,专辑,Audio CD,摇滚,8.9,23074,https://img1.doubanio.com/view/subject/s/public/s1400988.jpg
1394541,U87,陈奕迅,2005-06-07,专辑,CD+DVD,流行,9.4,29989,https://img2.doubanio.com/view/subject/s/public/s3856032.jpg
1419566,Lady Sleep 睡美人,Maximilian Hecker,2005,Import,Audio CD,摇滚,8.8,21557,https://img1.doubanio.com/view/subject/s/public/s1794177.jpg
1395762,天空の城ラピュタ サウンドトラック 飛行石の謎 天空之城 原声碟,"久石譲(Joe Hisaishi),杉並児童合唱団,井上杏美",1993-12-21,Soundtrack,Audio CD,原声,9.6,26793,https://img2.doubanio.com/view/subject/s/public/s1489321.jpg
1394742,新长征路上的摇滚,崔健,1989,专辑,CD,摇滚,9.5,33079,https://img2.doubanio.com/view/subject/s/public/s8868552.jpg
3567851,小飞行,"棉花糖,katncandix2",2009-05-01,专辑,CD,民谣,8.0,22852,https://img2.doubanio.com/view/subject/s/public/s4715963.jpg
10831759,春生,好妹妹乐队,2012-07-01,专辑,CD,民谣,8.9,24009,https://img1.doubanio.com/view/subject/s/public/s11095208.jpg
1788941,讓我想一想 让我想一想,陈绮贞,1998-07-14,专辑,CD,民谣,9.1,26115,https://img1.doubanio.com/view/subject/s/public/s3821060.jpg
2359692,未来 Wonderland,方大同,2007-12-28,专辑,CD,放克/灵歌/R&B,8.4,24393,https://img2.doubanio.com/view/subject/s/public/s2839973.jpg
1950025,爱爱爱 愛愛愛 / THIS LOVE,方大同,2006-12,专辑,CD,流行,8.8,26316,https://img1.doubanio.com/view/subject/s/public/s1981880.jpg
10430415,世界 Earth,逃跑计划,2014-12-09,专辑,CD,摇滚,9.0,27455,https://img1.doubanio.com/view/subject/s/public/s28104019.jpg
4032611,七天 盧廣仲 Crowd Lu 2009 New Album 2009 全新創作專輯,"盧廣仲,卢广仲",2009-10-30,专辑,CD,民谣,7.9,22645,https://img9.doubanio.com/view/subject/s/public/s4039256.jpg
1416697,Nirvana,Nirvana,2002-10-29,Extra tracks,Audio CD,摇滚,9.3,22897,https://img2.doubanio.com/view/subject/s/public/s3020073.jpg
1455695,A Rush of Blood to the Head,Coldplay,2002,专辑,Audio CD,摇滚,8.8,25922,https://img9.doubanio.com/view/subject/s/public/s8904216.jpg
1986653,The Velvet Underground & Nico 地下丝绒与妮可,"The Velvet Underground,Nico",1967-04,专辑,CD,摇滚,9.3,32845,https://img2.doubanio.com/view/subject/s/public/s1883423.jpg
5322559,Love The Way You Lie,"Eminem,Rihanna",2010-08-20,Single,Audio CD,说唱,9.3,28690,https://img1.doubanio.com/view/subject/s/public/s4420058.jpg
1776070,天空 Sky,王菲,1994,专辑,CD,流行,9.4,30592,https://img9.doubanio.com/view/subject/s/public/s3681285.jpg
3788747,The Boat That Rocked,Original Soundtrack,2009-03-30,Import,Soundtrack,CD,9.3,20267,https://img9.doubanio.com/view/subject/s/public/s4194004.jpg
1395617,(What's The Story) Morning Glory?,Oasis,1995,专辑,CD,摇滚,9.3,28747,https://img2.doubanio.com/view/subject/s/public/s1944493.jpg
1982538,PUSSY,陈绮贞,2007-02-08,单曲,Audio CD,民谣,8.7,21552,https://img9.doubanio.com/view/subject/s/public/s2144095.jpg
1421569,呼吸 Breathe - All About Lily Chou-Chou / Lily Chou-Chou：呼吸,Salyu,2001,专辑,CD,原声,9.1,22509,https://img1.doubanio.com/view/subject/s/public/s2714357.jpg
1394997,Fallen,Evanescence,2003,专辑,Audio CD,摇滚,8.5,21239,https://img9.doubanio.com/view/subject/s/public/s1458245.jpg
1413627,黑豹,黑豹,1992-12-01,专辑,CD,摇滚,9.3,27724,https://img2.doubanio.com/view/subject/s/public/s1401153.jpg
4923069,十年一刻,苏打绿,2010-08-27,视频,CD+DVD,流行,9.0,24115,https://img1.doubanio.com/view/subject/s/public/s4462549.jpg
1403802,恋爱的力量 The Power Of Love Songs,梁静茹,2003年3月,专辑,CD,流行,9.0,22746,https://img9.doubanio.com/view/subject/s/public/s1415455.jpg
1394569,Suede,Suede,1993,专辑,CD,摇滚,9.0,24949,https://img9.doubanio.com/view/subject/s/public/s1496506.jpg
1394652,The Bends,Radiohead,1995,专辑,CD,摇滚,9.3,31792,https://img2.doubanio.com/view/subject/s/public/s2883202.jpg
1462686,琵琶相 Pipa images LIN HAI & FRIENDS 2,林海,2004,专辑,CD,轻音乐,9.4,21933,https://img2.doubanio.com/view/subject/s/public/s4716282.jpg
6903119,？ 问号,陈奕迅,2011-11-11,专辑,CD,流行,8.1,24588,https://img1.doubanio.com/view/subject/s/public/s6988468.jpg
2154228,少年故事,彭坦,2007-07-23,专辑,CD,流行,8.2,22173,https://img9.doubanio.com/view/subject/s/public/s2616115.jpg
1923738,黑暗之光,雷光夏,2006-12-01,专辑,CD,民谣,8.9,21502,https://img2.doubanio.com/view/subject/s/public/s1960062.jpg
1419831,我要我们在一起,范晓萱,1999-11-1,国语,CD,流行,8.8,24310,https://img1.doubanio.com/view/subject/s/public/s1432740.jpg
1419375,人生海海,五月天,2001-07-06,专辑,CD,摇滚,9.3,26407,https://img1.doubanio.com/view/subject/s/public/s1945209.jpg
3021469,Maybe I'm Dreaming 可能我在做梦,Owl City,2008-03-18,Import,CD,流行,8.4,20762,https://img2.doubanio.com/view/subject/s/public/s3409351.jpg
3435496,工体东路没有人,李志,2009-01-22,专辑,数字,民谣,9.2,23204,https://img2.doubanio.com/view/subject/s/public/s26537631.jpg
1401365,Let It Be,The Beatles,1990-10-25,Enhanced,Audio CD,摇滚,9.5,26440,https://img9.doubanio.com/view/subject/s/public/s1410146.jpg
1796484,"Alright,Still 一如既往",Lily Allen,2006,Import,Audio CD,流行,8.4,20407,https://img2.doubanio.com/view/subject/s/public/s2824792.jpg
10767657,大小說家 Fiction,林宥嘉,2012-06-22,专辑,CD,流行,8.2,25160,https://img1.doubanio.com/view/subject/s/public/s10385947.jpg
3013779,越长大越孤单,牛奶@咖啡,2008-03-18,专辑,CD,流行,7.8,28015,https://img9.doubanio.com/view/subject/s/public/s2975545.jpg
1403801,燕尾蝶 燕尾蝶-下定愛的決心,梁静茹,2004,专辑,CD,流行,8.1,26000,https://img1.doubanio.com/view/subject/s/public/s3595798.jpg
3729307,原谅我就是这样的女生 原諒我就是這樣的女生,戴佩妮,2009-05-16,专辑,CD+DVD,流行,7.7,21788,https://img2.doubanio.com/view/subject/s/public/s3780711.jpg
5365287,传奇,王菲,2010-11-05,单曲,CD,民谣,9.0,26806,https://img9.doubanio.com/view/subject/s/public/s4185764.jpg
3158576,Under the Radar 墜入琴網,Daniel Powter,2008-10-14,专辑,Audio CD,流行,8.4,19420,https://img1.doubanio.com/view/subject/s/public/s3273497.jpg
2083053,知足 MV / Karaoke DVD,五月天,2006,视频,DVD,流行,9.3,20097,https://img2.doubanio.com/view/subject/s/public/s4713371.jpg
11524982,我的歌声里,曲婉婷,2012-07-01,专辑,CD,流行,8.1,21688,https://img2.doubanio.com/view/subject/s/public/s11176273.jpg
1394693,王菲 快樂/不快樂,王菲,1997-09-30,专辑,CD,流行,9.4,31976,https://img1.doubanio.com/view/subject/s/public/s3336530.jpg
3843530,信仰在空中飘扬,汪峰,2009-07-25,专辑,CD,摇滚,8.8,21053,https://img1.doubanio.com/view/subject/s/public/s3910069.jpg
1403573,[i] Karen Love,莫文蔚,2002-04-29,专辑,CD,流行,8.8,22774,https://img1.doubanio.com/view/subject/s/public/s3944348.jpg
1395446,Songs About Jane,Maroon 5,2002,专辑,Audio CD,流行,8.8,22157,https://img1.doubanio.com/view/subject/s/public/s2382869.jpg
1937036,Back To Black 重回黑色怀抱,Amy Winehouse,2006-10-30,专辑,Audio CD,放克/灵歌/R&B,8.9,23317,https://img9.doubanio.com/view/subject/s/public/s2146936.jpg
5292091,Demo 3,陈绮贞,2001-11-09,Demo,CD,流行,9.2,20078,https://img1.doubanio.com/view/subject/s/public/s4571919.jpg
25811077,克卜勒 Kepler,孙燕姿,2014-02-27,专辑,CD,流行,8.7,33350,https://img1.doubanio.com/view/subject/s/public/s27220328.jpg
3005450,E=MC² 爱的方程式,Mariah Carey,2008-04-16,专辑,CD,放克/灵歌/R&B,8.6,21536,https://img1.doubanio.com/view/subject/s/public/s2982879.jpg
2286005,9 Crimes,Damien Rice,2006-11-27,单曲,Audio CD,民谣,9.4,18783,https://img9.doubanio.com/view/subject/s/public/s3341606.jpg
3579420,如果有一件事是重要的 如果有一件事是重要的+粉红色(demo),陈珊妮,2008-11-22,专辑,CD,流行,8.3,20365,https://img1.doubanio.com/view/subject/s/public/s3285190.jpg
1404457,赤裸裸 赤裸裸?!,郑钧,1994,专辑,CD,摇滚,8.9,24515,https://img9.doubanio.com/view/subject/s/public/s3666296.jpg
1410613,阿岳正传 Useless Guy,张震岳,2004-06-24,选集,CD,流行,9.0,20579,https://img9.doubanio.com/view/subject/s/public/s3899296.jpg
1408372,3颗猫饼干 三颗猫饼干 / Three Cat Cookies,"朱玫玲,董運昌,王雁盟,何真真",2004/04/26,专辑,CD,轻音乐,9.2,17496,https://img1.doubanio.com/view/subject/s/public/s1416778.jpg
3807272,21 Guns,Green Day,2009-07-14,Single,Audio CD,流行,9.2,20539,https://img1.doubanio.com/view/subject/s/public/s4468079.jpg
6540851,看我72变,蔡依林 Jolin Tsai,2003-03-07,专辑,CD,流行,8.1,35907,https://img1.doubanio.com/view/subject/s/public/s1506028.jpg
7065469,第二人生 明日版 SECOND ROUND - NOW HERE,五月天,2011-12-20,专辑,CD,流行,9.2,20715,https://img2.doubanio.com/view/subject/s/public/s7018733.jpg
1395280,Definitely Maybe 绝对可能,Oasis,1994-08-30,专辑,CD,摇滚,9.2,25200,https://img2.doubanio.com/view/subject/s/public/s4714001.jpg
1397751,First Love 初恋,宇多田ヒカル,1999,专辑,CD,流行,9.2,25421,https://img1.doubanio.com/view/subject/s/public/s1490767.jpg
5325161,阿密特 意识专辑,张惠妹,2009-06-26,专辑,CD,流行,8.1,24364,https://img9.doubanio.com/view/subject/s/public/s3856684.jpg
3323600,心·跳 心跳,王力宏 Leehom Wang,2008-12-26,专辑,CD,流行,7.3,23880,https://img9.doubanio.com/view/subject/s/public/s3485794.jpg
4010504,xx 同名专辑,The xx,2009-08-17,专辑,CD,摇滚,8.9,22718,https://img9.doubanio.com/view/subject/s/public/s3962066.jpg
3767208,回蔚,莫文蔚,2009-06-23,专辑,CD+DVD,流行,8.1,20237,https://img2.doubanio.com/view/subject/s/public/s3885892.jpg
3313756,"如果看見地獄，我就不怕魔鬼 If I See Hell, I Won't Be Afraid of Demons",Tizzy Bac,2009-02-13,专辑,CD,流行,8.2,19243,https://img2.doubanio.com/view/subject/s/public/s3751353.jpg
1438249,我们是五月天,五月天,2003年4月17日,专辑,CD,流行,9.4,21862,https://img1.doubanio.com/view/subject/s/public/s27076627.jpg
3803120,王妃 王妃,萧敬腾,2009-07-17,专辑,CD,流行,7.9,24458,https://img1.doubanio.com/view/subject/s/public/s3885797.jpg
3313848,Poker Face 扑克脸,Lady Gaga,"September 23, 2008",Single,Audio CD,流行,8.8,25583,https://img2.doubanio.com/view/subject/s/public/s3598342.jpg
1395143,唐朝 梦回唐朝,唐朝,1992-12,CD＋DVD,CD,摇滚,9.1,22918,https://img1.doubanio.com/view/subject/s/public/s8903729.jpg
1407700,寻找周杰伦,周杰伦,2003-12-1,EP,音乐CD,流行,9.1,30101,https://img1.doubanio.com/view/subject/s/public/s3726558.jpg
5360525,她说 概念自选辑,林俊杰,2010-12-08,专辑,CD,流行,8.3,35849,https://img2.doubanio.com/view/subject/s/public/s4550552.jpg
